{
"lengthUnit": "mil",
"components": {
	"fields": ["COMPONENT_NO", "COMPONENT_NAME", "LAYER", "X_COORDINATE", "Y_COORDINATE", "ANGLE"],
	"rows": [
		[1, "GND", "T", 1469.8, 485.94, 0],
		[2, "GND1", "T", 984.9, 716.12, 180],
		[3, "SCREW1", "T", 99.8, 875.94, 0],
		[4, "SCREW2", "T", 1869.8, 100.94, 0],
		[5, "SCREW3", "T", 94.9, 96.12, 0],
		[6, "SCREW4", "T", 1869.9, 876.12, 0],
		[7, "VCC", "T", 987.78, 256.61, 0],
		[8, "VCC1", "T", 512.1, 485.06, 0]
	]
},
"pins": {
	"fields": ["PIN_NO", "PIN_NAME", "PIN_X", "PIN_Y", "LAYER", "PIN_TYPE", "NET_NAME", "NET_TYPE", "PAD_SHAPE", "PAD_SIZEX", "PAD_SIZEY", "HOLE_SIZE", "PAD_ANGLE"],
	"rows": [
		[1, "GND_1", 1119.8, 485.94, "T", "DIP", "GND", "GND", "R", 70.87, 70.87, 47.24, 0],
		[2, "GND_1", 1119.8, 485.94, "B", "DIP", "GND", "GND", "R", 70.87, 70.87, 47.24, 0],
		[3, "GND_2", 1219.8, 485.94, "T", "DIP", "GND", "GND", "C", 70.87, 70.87, 47.24, 0],
		[4, "GND_2", 1219.8, 485.94, "B", "DIP", "GND", "GND", "C", 70.87, 70.87, 47.24, 0],
		[5, "GND_3", 1319.8, 485.94, "T", "DIP", "GND", "GND", "C", 70.87, 70.87, 47.24, 0],
		[6, "GND_3", 1319.8, 485.94, "B", "DIP", "GND", "GND", "C", 70.87, 70.87, 47.24, 0],
		[7, "GND_4", 1419.8, 485.94, "T", "DIP", "GND", "GND", "C", 70.87, 70.87, 47.24, 0],
		[8, "GND_4", 1419.8, 485.94, "B", "DIP", "GND", "GND", "C", 70.87, 70.87, 47.24, 0],
		[9, "GND_5", 1519.8, 485.94, "T", "DIP", "GND", "GND", "C", 70.87, 70.87, 47.24, 0],
		[10, "GND_5", 1519.8, 485.94, "B", "DIP", "GND", "GND", "C", 70.87, 70.87, 47.24, 0],
		[11, "GND_6", 1619.8, 485.94, "T", "DIP", "GND", "GND", "C", 70.87, 70.87, 47.24, 0],
		[12, "GND_6", 1619.8, 485.94, "B", "DIP", "GND", "GND", "C", 70.87, 70.87, 47.24, 0],
		[13, "GND_7", 1719.8, 485.94, "T", "DIP", "GND", "GND", "C", 70.87, 70.87, 47.24, 0],
		[14, "GND_7", 1719.8, 485.94, "B", "DIP", "GND", "GND", "C", 70.87, 70.87, 47.24, 0],
		[15, "GND_8", 1819.8, 485.94, "T", "DIP", "GND", "GND", "C", 70.87, 70.87, 47.24, 0],
		[16, "GND_8", 1819.8, 485.94, "B", "DIP", "GND", "GND", "C", 70.87, 70.87, 47.24, 0],
		[17, "GND1_1", 1673.88, 716.12, "T", "DIP", "GND", "GND", "C", 94.49, 94.49, 59.06, 180],
		[18, "GND1_1", 1673.88, 716.12, "B", "DIP", "GND", "GND", "C", 94.49, 94.49, 59.06, 180],
		[19, "GND1_2", 1477.02, 716.12, "T", "DIP", "GND", "GND", "C", 94.49, 94.49, 59.06, 180],
		[20, "GND1_2", 1477.02, 716.12, "B", "DIP", "GND", "GND", "C", 94.49, 94.49, 59.06, 180],
		[21, "GND1_3", 1280.17, 716.12, "T", "DIP", "GND", "GND", "C", 94.49, 94.49, 59.06, 180],
		[22, "GND1_3", 1280.17, 716.12, "B", "DIP", "GND", "GND", "C", 94.49, 94.49, 59.06, 180],
		[23, "GND1_4", 1083.33, 716.12, "T", "DIP", "GND", "GND", "C", 94.49, 94.49, 59.06, 180],
		[24, "GND1_4", 1083.33, 716.12, "B", "DIP", "GND", "GND", "C", 94.49, 94.49, 59.06, 180],
		[25, "GND1_5", 886.48, 716.12, "T", "DIP", "GND", "GND", "C", 94.49, 94.49, 59.06, 180],
		[26, "GND1_5", 886.48, 716.12, "B", "DIP", "GND", "GND", "C", 94.49, 94.49, 59.06, 180],
		[27, "GND1_6", 689.63, 716.12, "T", "DIP", "GND", "GND", "C", 94.49, 94.49, 59.06, 180],
		[28, "GND1_6", 689.63, 716.12, "B", "DIP", "GND", "GND", "C", 94.49, 94.49, 59.06, 180],
		[29, "GND1_7", 492.78, 716.12, "T", "DIP", "GND", "GND", "C", 94.49, 94.49, 59.06, 180],
		[30, "GND1_7", 492.78, 716.12, "B", "DIP", "GND", "GND", "C", 94.49, 94.49, 59.06, 180],
		[31, "GND1_8", 295.92, 716.12, "T", "DIP", "GND", "GND", "C", 94.49, 94.49, 59.06, 180],
		[32, "GND1_8", 295.92, 716.12, "B", "DIP", "GND", "GND", "C", 94.49, 94.49, 59.06, 180],
		[33, "SCREW1_1", 99.8, 875.94, "T", "DIP", "GND", "GND", "C", 78.74, 78.74, 78.74, 0],
		[34, "SCREW1_1", 99.8, 875.94, "B", "DIP", "GND", "GND", "C", 78.74, 78.74, 78.74, 0],
		[35, "SCREW2_1", 1869.8, 100.94, "T", "DIP", "GND", "GND", "C", 78.74, 78.74, 78.74, 0],
		[36, "SCREW2_1", 1869.8, 100.94, "B", "DIP", "GND", "GND", "C", 78.74, 78.74, 78.74, 0],
		[37, "SCREW3_1", 94.9, 96.12, "T", "DIP", "GND", "GND", "C", 78.74, 78.74, 78.74, 0],
		[38, "SCREW3_1", 94.9, 96.12, "B", "DIP", "GND", "GND", "C", 78.74, 78.74, 78.74, 0],
		[39, "SCREW4_1", 1869.9, 876.12, "T", "DIP", "GND", "GND", "C", 78.74, 78.74, 78.74, 0],
		[40, "SCREW4_1", 1869.9, 876.12, "B", "DIP", "GND", "GND", "C", 78.74, 78.74, 78.74, 0],
		[41, "VCC_1", 298.8, 256.61, "T", "DIP", "VCC", "", "C", 94.49, 94.49, 59.06, 0],
		[42, "VCC_1", 298.8, 256.61, "B", "DIP", "VCC", "", "C", 94.49, 94.49, 59.06, 0],
		[43, "VCC_2", 495.65, 256.61, "T", "DIP", "VCC", "", "C", 94.49, 94.49, 59.06, 0],
		[44, "VCC_2", 495.65, 256.61, "B", "DIP", "VCC", "", "C", 94.49, 94.49, 59.06, 0],
		[45, "VCC_3", 692.5, 256.61, "T", "DIP", "VCC", "", "C", 94.49, 94.49, 59.06, 0],
		[46, "VCC_3", 692.5, 256.61, "B", "DIP", "VCC", "", "C", 94.49, 94.49, 59.06, 0],
		[47, "VCC_4", 889.35, 256.61, "T", "DIP", "VCC", "", "C", 94.49, 94.49, 59.06, 0],
		[48, "VCC_4", 889.35, 256.61, "B", "DIP", "VCC", "", "C", 94.49, 94.49, 59.06, 0],
		[49, "VCC_5", 1086.2, 256.61, "T", "DIP", "VCC", "", "C", 94.49, 94.49, 59.06, 0],
		[50, "VCC_5", 1086.2, 256.61, "B", "DIP", "VCC", "", "C", 94.49, 94.49, 59.06, 0],
		[51, "VCC_6", 1283.05, 256.61, "T", "DIP", "VCC", "", "C", 94.49, 94.49, 59.06, 0],
		[52, "VCC_6", 1283.05, 256.61, "B", "DIP", "VCC", "", "C", 94.49, 94.49, 59.06, 0],
		[53, "VCC_7", 1479.9, 256.61, "T", "DIP", "VCC", "", "C", 94.49, 94.49, 59.06, 0],
		[54, "VCC_7", 1479.9, 256.61, "B", "DIP", "VCC", "", "C", 94.49, 94.49, 59.06, 0],
		[55, "VCC_8", 1676.75, 256.61, "T", "DIP", "VCC", "", "C", 94.49, 94.49, 59.06, 0],
		[56, "VCC_8", 1676.75, 256.61, "B", "DIP", "VCC", "", "C", 94.49, 94.49, 59.06, 0],
		[57, "VCC1_1", 162.1, 485.06, "T", "DIP", "VCC", "", "R", 70.87, 70.87, 47.24, 0],
		[58, "VCC1_1", 162.1, 485.06, "B", "DIP", "VCC", "", "R", 70.87, 70.87, 47.24, 0],
		[59, "VCC1_2", 262.1, 485.06, "T", "DIP", "VCC", "", "C", 70.87, 70.87, 47.24, 0],
		[60, "VCC1_2", 262.1, 485.06, "B", "DIP", "VCC", "", "C", 70.87, 70.87, 47.24, 0],
		[61, "VCC1_3", 362.1, 485.06, "T", "DIP", "VCC", "", "C", 70.87, 70.87, 47.24, 0],
		[62, "VCC1_3", 362.1, 485.06, "B", "DIP", "VCC", "", "C", 70.87, 70.87, 47.24, 0],
		[63, "VCC1_4", 462.1, 485.06, "T", "DIP", "VCC", "", "C", 70.87, 70.87, 47.24, 0],
		[64, "VCC1_4", 462.1, 485.06, "B", "DIP", "VCC", "", "C", 70.87, 70.87, 47.24, 0],
		[65, "VCC1_5", 562.1, 485.06, "T", "DIP", "VCC", "", "C", 70.87, 70.87, 47.24, 0],
		[66, "VCC1_5", 562.1, 485.06, "B", "DIP", "VCC", "", "C", 70.87, 70.87, 47.24, 0],
		[67, "VCC1_6", 662.1, 485.06, "T", "DIP", "VCC", "", "C", 70.87, 70.87, 47.24, 0],
		[68, "VCC1_6", 662.1, 485.06, "B", "DIP", "VCC", "", "C", 70.87, 70.87, 47.24, 0],
		[69, "VCC1_7", 762.1, 485.06, "T", "DIP", "VCC", "", "C", 70.87, 70.87, 47.24, 0],
		[70, "VCC1_7", 762.1, 485.06, "B", "DIP", "VCC", "", "C", 70.87, 70.87, 47.24, 0],
		[71, "VCC1_8", 862.1, 485.06, "T", "DIP", "VCC", "", "C", 70.87, 70.87, 47.24, 0],
		[72, "VCC1_8", 862.1, 485.06, "B", "DIP", "VCC", "", "C", 70.87, 70.87, 47.24, 0]
	]
}
}