{
"lengthUnit": "mil",
"components": {
	"fields": ["COMPONENT_NO", "COMPONENT_NAME", "LAYER", "X_COORDINATE", "Y_COORDINATE", "ANGLE"],
	"rows": [
		[1, "C1", "T", 1070, 580, 270],
		[2, "P3", "T", 620, 590, 0],
		[3, "P4", "T", 615, 1190, 180],
		[4, "R1", "T", 95, 520, 270],
		[5, "R2", "T", 230, 520, 270],
		[6, "R3", "T", 620, 870, 0],
		[7, "SCREW1", "T", 205, 1040, 0],
		[8, "SCREW2", "T", 1030, 1035, 0]
	]
},
"pins": {
	"fields": ["PIN_NO", "PIN_NAME", "PIN_X", "PIN_Y", "LAYER", "PIN_TYPE", "NET_NAME", "NET_TYPE", "PAD_SHAPE", "PAD_SIZEX", "PAD_SIZEY", "HOLE_SIZE", "PAD_ANGLE"],
	"rows": [
		[1, "C1_1", 1070, 678.42, "T", "DIP", "$1N2936", "", "C", 62.99, 62.99, 39.37, 270],
		[2, "C1_1", 1070, 678.42, "B", "DIP", "$1N2936", "", "C", 62.99, 62.99, 39.37, 270],
		[3, "C1_2", 1070, 481.57, "T", "DIP", "GND", "GND", "C", 62.99, 62.99, 39.37, 270],
		[4, "C1_2", 1070, 481.57, "B", "DIP", "GND", "GND", "C", 62.99, 62.99, 39.37, 270],
		[5, "P3_1", 420, 590, "T", "DIP", "VCC", "", "C", 78.74, 78.74, 51.18, 180],
		[6, "P3_1", 420, 590, "B", "DIP", "VCC", "", "C", 78.74, 78.74, 51.18, 180],
		[7, "P3_2", 620, 590, "T", "DIP", "$1N2944", "", "C", 78.74, 78.74, 51.18, 180],
		[8, "P3_2", 620, 590, "B", "DIP", "$1N2944", "", "C", 78.74, 78.74, 51.18, 180],
		[9, "P3_3", 820, 590, "T", "DIP", "GND", "GND", "C", 78.74, 78.74, 51.18, 180],
		[10, "P3_3", 820, 590, "B", "DIP", "GND", "GND", "C", 78.74, 78.74, 51.18, 180],
		[11, "P4_1", 715, 1190, "T", "DIP", "$1N2944", "", "C", 78.74, 78.74, 51.18, 0],
		[12, "P4_1", 715, 1190, "B", "DIP", "$1N2944", "", "C", 78.74, 78.74, 51.18, 0],
		[13, "P4_2", 515, 1190, "T", "DIP", "$1N2936", "", "C", 78.74, 78.74, 51.18, 0],
		[14, "P4_2", 515, 1190, "B", "DIP", "$1N2936", "", "C", 78.74, 78.74, 51.18, 0],
		[15, "R1_1", 95, 722.76, "T", "DIP", "$1N1917", "", "C", 60, 60, 39.37, 270],
		[16, "R1_1", 95, 722.76, "B", "DIP", "$1N1917", "", "C", 60, 60, 39.37, 270],
		[17, "R1_2", 95, 317.24, "T", "DIP", "VCC", "", "C", 60, 60, 39.37, 270],
		[18, "R1_2", 95, 317.24, "B", "DIP", "VCC", "", "C", 60, 60, 39.37, 270],
		[19, "R2_1", 230, 722.76, "T", "DIP", "$1N1917", "", "C", 60, 60, 39.37, 270],
		[20, "R2_1", 230, 722.76, "B", "DIP", "$1N1917", "", "C", 60, 60, 39.37, 270],
		[21, "R2_2", 230, 317.24, "T", "DIP", "GND", "GND", "C", 60, 60, 39.37, 270],
		[22, "R2_2", 230, 317.24, "B", "DIP", "GND", "GND", "C", 60, 60, 39.37, 270],
		[23, "R3_1", 417.24, 870, "T", "DIP", "$1N2936", "", "C", 60, 60, 39.37, 0],
		[24, "R3_1", 417.24, 870, "B", "DIP", "$1N2936", "", "C", 60, 60, 39.37, 0],
		[25, "R3_2", 822.76, 870, "T", "DIP", "$1N2944", "", "C", 60, 60, 39.37, 0],
		[26, "R3_2", 822.76, 870, "B", "DIP", "$1N2944", "", "C", 60, 60, 39.37, 0],
		[27, "SCREW1_1", 205, 1040, "T", "DIP", "GND", "GND", "C", 177.17, 177.17, 157.48, 0],
		[28, "SCREW1_1", 205, 1040, "B", "DIP", "GND", "GND", "C", 177.17, 177.17, 157.48, 0],
		[29, "SCREW2_1", 1030, 1035, "T", "DIP", "GND", "GND", "C", 177.17, 177.17, 157.48, 0],
		[30, "SCREW2_1", 1030, 1035, "B", "DIP", "GND", "GND", "C", 177.17, 177.17, 157.48, 0]
	]
}
}